{
    ":trialDays Day Trial": ":trialDays Day Trial",
    "A fresh verification link has been sent to your email address.": "A fresh verification link has been sent to your email address.",
    "Action Button Text": "Action Button Text",
    "Action Button URL": "Action Button URL",
    "Add Discount": "Add Discount",
    "Address": "Address",
    "Address Line 2": "Address Line 2",
    "Afghanistan": "Afghanistan",
    "After logging in via your emergency token, two-factor authentication will be disabled for your account. If you would like to maintain two-factor authentication security, you should re-enable it after logging in.": "After logging in via your emergency token, two-factor authentication will be disabled for your account. If you would like to maintain two-factor authentication security, you should re-enable it after logging in.",
    "Alabama": "Alabama",
    "Alaska": "Alaska",
    "Albania": "Albania",
    "Alberta": "Alberta",
    "Algeria": "Algeria",
    "All subscription plan prices are excluding applicable VAT.": "All subscription plan prices are excluding applicable VAT.",
    "All subscription plan prices include applicable VAT.": "All subscription plan prices include applicable VAT.",
    "American Samoa": "American Samoa",
    "Amount": "Amount",
    "Andorra": "Andorra",
    "Angola": "Angola",
    "Anguilla": "Anguilla",
    "Announcement": "Announcement",
    "Announcements": "Announcements",
    "Announcements you create here will be sent to the \"Product Announcements\" section of the notifications modal window, informing your users about new features and improvements to your application.": "Announcements you create here will be sent to the \"Product Announcements\" section of the notifications modal window, informing your users about new features and improvements to your application.",
    "Antarctica": "Antarctica",
    "Antigua and Barbuda": "Antigua and Barbuda",
    "API": "API",
    "API Token": "API Token",
    "API Tokens": "API Tokens",
    "Apply Discount": "Apply Discount",
    "Applying": "Applying",
    "Are you sure you want to cancel your subscription?": "Are you sure you want to cancel your subscription?",
    "Are you sure you want to delete this announcement?": "Are you sure you want to delete this announcement?",
    "Are you sure you want to delete this token? If deleted, API requests that attempt to authenticate using this token will no longer be accepted.": "Are you sure you want to delete this token? If deleted, API requests that attempt to authenticate using this token will no longer be accepted.",
    "Are you sure you want to switch to the :planName plan?": "Are you sure you want to switch to the :planName plan?",
    "Argentina": "Argentina",
    "Arizona": "Arizona",
    "Arkansas": "Arkansas",
    "Armed Forces Africa / Canada / Europe / Middle East": "Armed Forces Africa / Canada / Europe / Middle East",
    "Armed Forces America (Except Canada)": "Armed Forces America (Except Canada)",
    "Armed Forces Pacific": "Armed Forces Pacific",
    "Armenia": "Armenia",
    "Aruba": "Aruba",
    "Assign All Abilities": "Assign All Abilities",
    "Australia": "Australia",
    "Austria": "Austria",
    "Authentication Token": "Authentication Token",
    "Azerbaijan": "Azerbaijan",
    "Back To My Account": "Back To My Account",
    "Bahamas": "Bahamas",
    "Bahrain": "Bahrain",
    "Bangladesh": "Bangladesh",
    "Barbados": "Barbados",
    "Before proceeding, please check your email for a verification link.": "Before proceeding, please check your email for a verification link.",
    "Belarus": "Belarus",
    "Belgium": "Belgium",
    "Belize": "Belize",
    "Benin": "Benin",
    "Bermuda": "Bermuda",
    "Bhutan": "Bhutan",
    "Billing": "Billing",
    "Billing Information": "Billing Information",
    "Bolivia, Plurinational State of": "Bolivia, Plurinational State of",
    "Bosnia and Herzegovina": "Bosnia and Herzegovina",
    "Botswana": "Botswana",
    "Bouvet Island": "Bouvet Island",
    "Brazil": "Brazil",
    "British Columbia": "British Columbia",
    "British Indian Ocean Territory": "British Indian Ocean Territory",
    "Brunei Darussalam": "Brunei Darussalam",
    "Bulgaria": "Bulgaria",
    "Burkina Faso": "Burkina Faso",
    "Burundi": "Burundi",
    "California": "California",
    "Cambodia": "Cambodia",
    "Cameroon": "Cameroon",
    "Canada": "Canada",
    "Cancel": "Cancel",
    "Cancel Subscription": "Cancel Subscription",
    "Cancelling": "Cancelling",
    "Cape Verde": "Cape Verde",
    "Card": "Card",
    "Cardholder's Name": "Cardholder's Name",
    "Cayman Islands": "Cayman Islands",
    "Central African Republic": "Central African Republic",
    "Chad": "Chad",
    "Chile": "Chile",
    "China": "China",
    "Christmas Island": "Christmas Island",
    "City": "City",
    "click here to request another": "click here to request another",
    "Click here to reset your password:": "Click here to reset your password:",
    "Close": "Close",
    "Cocos (Keeling) Islands": "Cocos (Keeling) Islands",
    "Colombia": "Colombia",
    "Colorado": "Colorado",
    "Comoros": "Comoros",
    "Confirm Password": "Confirm Password",
    "Congo": "Congo",
    "Congo, the Democratic Republic of the": "Congo, the Democratic Republic of the",
    "Connecticut": "Connecticut",
    "Contact Information": "Contact Information",
    "Cook Islands": "Cook Islands",
    "Copy To Clipboard": "Copy To Clipboard",
    "Costa Rica": "Costa Rica",
    "Country": "Country",
    "Country Code": "Country Code",
    "Coupon": "Coupon",
    "Coupon accepted! The discount will be applied to your next invoice.": "Coupon accepted! The discount will be applied to your next invoice.",
    "Coupon Code": "Coupon Code",
    "Create": "Create",
    "Create Announcement": "Create Announcement",
    "Create API Token": "Create API Token",
    "Created": "Created",
    "Croatia": "Croatia",
    "Cuba": "Cuba",
    "Current Password": "Current Password",
    "Cyprus": "Cyprus",
    "Czech Republic": "Czech Republic",
    "Côte d'Ivoire": "Côte d'Ivoire",
    "Daily Volume": "Daily Volume",
    "Dashboard": "Dashboard",
    "Date": "Date",
    "Day Trial": "Day Trial",
    "Delaware": "Delaware",
    "Delete Announcement": "Delete Announcement",
    "Delete Token": "Delete Token",
    "Deleting": "Deleting",
    "Denmark": "Denmark",
    "Developer": "Developer",
    "Disable Two-Factor Authentication": "Disable Two-Factor Authentication",
    "Disabling": "Disabling",
    "District of Columbia": "District of Columbia",
    "Djibouti": "Djibouti",
    "Dominica": "Dominica",
    "Dominican Republic": "Dominican Republic",
    "Download PDF": "Download PDF",
    "Duration": "Duration",
    "E-Mail": "E-Mail",
    "E-Mail Address": "E-Mail Address",
    "Ecuador": "Ecuador",
    "Edit Token": "Edit Token",
    "Egypt": "Egypt",
    "El Salvador": "El Salvador",
    "Email Address": "Email Address",
    "Email Us": "Email Us",
    "Emergency Token": "Emergency Token",
    "Enable": "Enable",
    "Enabling": "Enabling",
    "Equatorial Guinea": "Equatorial Guinea",
    "Eritrea": "Eritrea",
    "Estonia": "Estonia",
    "Ethiopia": "Ethiopia",
    "Expiration": "Expiration",
    "Extra Billing Information": "Extra Billing Information",
    "Falkland Islands (Malvinas)": "Falkland Islands (Malvinas)",
    "Faroe Islands": "Faroe Islands",
    "Features": "Features",
    "Federated States Of Micronesia": "Federated States Of Micronesia",
    "Fiji": "Fiji",
    "Finland": "Finland",
    "Florida": "Florida",
    "Forever": "Forever",
    "Forgot Your Password?": "Forgot Your Password?",
    "France": "France",
    "Free": "Free",
    "French Guiana": "French Guiana",
    "French Polynesia": "French Polynesia",
    "French Southern Territories": "French Southern Territories",
    "Gabon": "Gabon",
    "Gambia": "Gambia",
    "Georgia": "Georgia",
    "Germany": "Germany",
    "Ghana": "Ghana",
    "Gibraltar": "Gibraltar",
    "Go To Login": "Go To Login",
    "Got It!": "Got It!",
    "Greece": "Greece",
    "Greenland": "Greenland",
    "Grenada": "Grenada",
    "Guadeloupe": "Guadeloupe",
    "Guam": "Guam",
    "Guatemala": "Guatemala",
    "Guernsey": "Guernsey",
    "Guinea": "Guinea",
    "Guinea-Bissau": "Guinea-Bissau",
    "Guyana": "Guyana",
    "Haiti": "Haiti",
    "Hawaii": "Hawaii",
    "Heard Island and McDonald Islands": "Heard Island and McDonald Islands",
    "Hello!": "Hello!",
    "Here is your new API token.": "Here is your new API token.",
    "Hi :name": "Hi :name",
    "Hi!": "Hi!",
    "Holy See (Vatican City State)": "Holy See (Vatican City State)",
    "Honduras": "Honduras",
    "Hong Kong": "Hong Kong",
    "Hungary": "Hungary",
    "I Accept :linkOpen The Terms Of Service :linkClose": "I Accept :linkOpen The Terms Of Service :linkClose",
    "Iceland": "Iceland",
    "Idaho": "Idaho",
    "If you did not request a password reset, no further action is required.": "If you did not request a password reset, no further action is required.",
    "If you do not already have an account, you may click the following link to get started:": "If you do not already have an account, you may click the following link to get started:",
    "If you lose your two-factor authentication device, you may use this emergency reset token to disable two-factor authentication on your account.": "If you lose your two-factor authentication device, you may use this emergency reset token to disable two-factor authentication on your account.",
    "Illinois": "Illinois",
    "Impersonate": "Impersonate",
    "Impersonation": "Impersonation",
    "In order to use two-factor authentication, you must install the :authyLink application on your smartphone. Authy is available for iOS and Android.": "In order to use two-factor authentication, you must install the :authyLink application on your smartphone. Authy is available for iOS and Android.",
    "India": "India",
    "Indiana": "Indiana",
    "Indonesia": "Indonesia",
    "Invoice": "Invoice",
    "Invoices": "Invoices",
    "Iowa": "Iowa",
    "Iran, Islamic Republic of": "Iran, Islamic Republic of",
    "Iraq": "Iraq",
    "Ireland": "Ireland",
    "Isle of Man": "Isle of Man",
    "Israel": "Israel",
    "Italy": "Italy",
    "Jamaica": "Jamaica",
    "Japan": "Japan",
    "Jersey": "Jersey",
    "Joined": "Joined",
    "Jordan": "Jordan",
    "Kansas": "Kansas",
    "Kazakhstan": "Kazakhstan",
    "Kentucky": "Kentucky",
    "Kenya": "Kenya",
    "Kiosk": "Kiosk",
    "Kiribati": "Kiribati",
    "Korea, Democratic People's Republic of": "Korea, Democratic People's Republic of",
    "Korea, Republic of": "Korea, Republic of",
    "Kuwait": "Kuwait",
    "Kyrgyzstan": "Kyrgyzstan",
    "Lao People's Democratic Republic": "Lao People's Democratic Republic",
    "Last Used": "Last Used",
    "Latvia": "Latvia",
    "Lebanon": "Lebanon",
    "Lesotho": "Lesotho",
    "Liberia": "Liberia",
    "Libyan Arab Jamahiriya": "Libyan Arab Jamahiriya",
    "Liechtenstein": "Liechtenstein",
    "Lithuania": "Lithuania",
    "Loading": "Loading",
    "Loading Notifications": "Loading Notifications",
    "Login": "Login",
    "Login Via Emergency Token": "Login Via Emergency Token",
    "Logout": "Logout",
    "Lost Your Device?": "Lost Your Device?",
    "Louisiana": "Louisiana",
    "Luxembourg": "Luxembourg",
    "Macao": "Macao",
    "Macedonia, the former Yugoslav Republic of": "Macedonia, the former Yugoslav Republic of",
    "Madagascar": "Madagascar",
    "Mailed Invitations": "Mailed Invitations",
    "Maine": "Maine",
    "Malawi": "Malawi",
    "Malaysia": "Malaysia",
    "Maldives": "Maldives",
    "Mali": "Mali",
    "Malta": "Malta",
    "Manitoba": "Manitoba",
    "Marshall Islands": "Marshall Islands",
    "Martinique": "Martinique",
    "Maryland": "Maryland",
    "Massachusetts": "Massachusetts",
    "Mauritania": "Mauritania",
    "Mauritius": "Mauritius",
    "Mayotte": "Mayotte",
    "Membership": "Membership",
    "Message": "Message",
    "Metrics": "Metrics",
    "Mexico": "Mexico",
    "Michigan": "Michigan",
    "Micronesia, Federated States of": "Micronesia, Federated States of",
    "Minnesota": "Minnesota",
    "Mississippi": "Mississippi",
    "Missouri": "Missouri",
    "mo": "mo",
    "Moldova, Republic of": "Moldova, Republic of",
    "Monaco": "Monaco",
    "Mongolia": "Mongolia",
    "Montana": "Montana",
    "Montenegro": "Montenegro",
    "Monthly": "Monthly",
    "monthly": "monthly",
    "Monthly Recurring Revenue": "Monthly Recurring Revenue",
    "Months": "Months",
    "Montserrat": "Montserrat",
    "Morocco": "Morocco",
    "Mozambique": "Mozambique",
    "Multiple Months": "Multiple Months",
    "Myanmar": "Myanmar",
    "N/A": "N/A",
    "Name": "Name",
    "Namibia": "Namibia",
    "Nauru": "Nauru",
    "Nebraska": "Nebraska",
    "Nepal": "Nepal",
    "Netherlands": "Netherlands",
    "Netherlands Antilles": "Netherlands Antilles",
    "Nevada": "Nevada",
    "Never": "Never",
    "New Brunswick": "New Brunswick",
    "New Caledonia": "New Caledonia",
    "New Hampshire": "New Hampshire",
    "New Invitation!": "New Invitation!",
    "New Jersey": "New Jersey",
    "New Mexico": "New Mexico",
    "New Users": "New Users",
    "New York": "New York",
    "New Zealand": "New Zealand",
    "Newfoundland and Labrador": "Newfoundland and Labrador",
    "Nicaragua": "Nicaragua",
    "Niger": "Niger",
    "Nigeria": "Nigeria",
    "Niue": "Niue",
    "No customer support request recipient is defined.": "No customer support request recipient is defined.",
    "No users matched the given criteria.": "No users matched the given criteria.",
    "No, Go Back": "No, Go Back",
    "None": "None",
    "Norfolk Island": "Norfolk Island",
    "North Carolina": "North Carolina",
    "North Dakota": "North Dakota",
    "Northern Mariana Islands": "Northern Mariana Islands",
    "Northwest Territories": "Northwest Territories",
    "Norway": "Norway",
    "Notifications": "Notifications",
    "Nova Scotia": "Nova Scotia",
    "Nunavut": "Nunavut",
    "Ohio": "Ohio",
    "Oklahoma": "Oklahoma",
    "Oman": "Oman",
    "On Generic Trial": "On Generic Trial",
    "Once": "Once",
    "Ontario": "Ontario",
    "Oregon": "Oregon",
    "Owner": "Owner",
    "Pakistan": "Pakistan",
    "Palau": "Palau",
    "Palestinian Territory, Occupied": "Palestinian Territory, Occupied",
    "Panama": "Panama",
    "Papua New Guinea": "Papua New Guinea",
    "Paraguay": "Paraguay",
    "Password": "Password",
    "Payment Method": "Payment Method",
    "Pending Invitations": "Pending Invitations",
    "Pennsylvania": "Pennsylvania",
    "Percentage": "Percentage",
    "Peru": "Peru",
    "Philippines": "Philippines",
    "Phone Number": "Phone Number",
    "Pitcairn": "Pitcairn",
    "Please :linkOpen confirm your payment :linkClose to activate your subscription!": "Please :linkOpen confirm your payment :linkClose to activate your subscription!",
    "Please select at least one ability.": "Please select at least one ability.",
    "please upgrade your subscription": "please upgrade your subscription",
    "Poland": "Poland",
    "Portugal": "Portugal",
    "Postal Code": "Postal Code",
    "Prince Edward Island": "Prince Edward Island",
    "Profile": "Profile",
    "Profile Photo": "Profile Photo",
    "Puerto Rico": "Puerto Rico",
    "Qatar": "Qatar",
    "Quebec": "Quebec",
    "Recent Announcements": "Recent Announcements",
    "Recurring Revenue": "Recurring Revenue",
    "Redeem": "Redeem",
    "Redeem Coupon": "Redeem Coupon",
    "Redeeming": "Redeeming",
    "Register": "Register",
    "Registering": "Registering",
    "Remember Me": "Remember Me",
    "Remove All Abilities": "Remove All Abilities",
    "Reset Password": "Reset Password",
    "Reset Password Notification": "Reset Password Notification",
    "Resume": "Resume",
    "Resume Subscription": "Resume Subscription",
    "Resuming": "Resuming",
    "Rhode Island": "Rhode Island",
    "Role": "Role",
    "Romania": "Romania",
    "Russian Federation": "Russian Federation",
    "Rwanda": "Rwanda",
    "Réunion": "Réunion",
    "Saint Barthélemy": "Saint Barthélemy",
    "Saint Helena": "Saint Helena",
    "Saint Kitts and Nevis": "Saint Kitts and Nevis",
    "Saint Lucia": "Saint Lucia",
    "Saint Martin (French part)": "Saint Martin (French part)",
    "Saint Pierre and Miquelon": "Saint Pierre and Miquelon",
    "Saint Vincent and the Grenadines": "Saint Vincent and the Grenadines",
    "Samoa": "Samoa",
    "San Marino": "San Marino",
    "Sao Tome and Principe": "Sao Tome and Principe",
    "Saskatchewan": "Saskatchewan",
    "Saudi Arabia": "Saudi Arabia",
    "Search By Name Or E-Mail Address...": "Search By Name Or E-Mail Address...",
    "Search Results": "Search Results",
    "Searching": "Searching",
    "second address line": "second address line",
    "Security": "Security",
    "Security Code": "Security Code",
    "See you soon!": "See you soon!",
    "Select All": "Select All",
    "Send": "Send",
    "Send Invitation": "Send Invitation",
    "Send Password Reset Link": "Send Password Reset Link",
    "Sending": "Sending",
    "Senegal": "Senegal",
    "Serbia": "Serbia",
    "Session Expired": "Session Expired",
    "Settings": "Settings",
    "Seychelles": "Seychelles",
    "Sierra Leone": "Sierra Leone",
    "Since you already have an account, you may accept the invitation from your account settings screen.": "Since you already have an account, you may accept the invitation from your account settings screen.",
    "Singapore": "Singapore",
    "Slovakia": "Slovakia",
    "Slovenia": "Slovenia",
    "Solomon Islands": "Solomon Islands",
    "Somalia": "Somalia",
    "Something went wrong!": "Something went wrong!",
    "Something went wrong. Please try again or contact customer support.": "Something went wrong. Please try again or contact customer support.",
    "South Africa": "South Africa",
    "South Carolina": "South Carolina",
    "South Dakota": "South Dakota",
    "South Georgia and the South Sandwich Islands": "South Georgia and the South Sandwich Islands",
    "Spain": "Spain",
    "Sri Lanka": "Sri Lanka",
    "State": "State",
    "State & ZIP / Postal Code": "State & ZIP / Postal Code",
    "Subject": "Subject",
    "Subscribe": "Subscribe",
    "Subscribers": "Subscribers",
    "Subscribing": "Subscribing",
    "Subscription": "Subscription",
    "Sudan": "Sudan",
    "Support": "Support",
    "Support Request: ": "Support Request: ",
    "Suriname": "Suriname",
    "Svalbard and Jan Mayen": "Svalbard and Jan Mayen",
    "Swaziland": "Swaziland",
    "Sweden": "Sweden",
    "Switch": "Switch",
    "Switzerland": "Switzerland",
    "Syrian Arab Republic": "Syrian Arab Republic",
    "Taiwan, Province of China": "Taiwan, Province of China",
    "Tajikistan": "Tajikistan",
    "Tanzania, United Republic of": "Tanzania, United Republic of",
    "Tax": "Tax",
    "Tennessee": "Tennessee",
    "Terms Of Service": "Terms Of Service",
    "Texas": "Texas",
    "Thailand": "Thailand",
    "Thanks for your continued support. We've attached a copy of your invoice for your records. Please let us know if you have any questions or concerns!": "Thanks for your continued support. We've attached a copy of your invoice for your records. Please let us know if you have any questions or concerns!",
    "Thanks!": "Thanks!",
    "The benefits of your subscription will continue until your current billing period ends on :date. You may resume your subscription at no extra cost until the end of the billing period.": "The benefits of your subscription will continue until your current billing period ends on :date. You may resume your subscription at no extra cost until the end of the billing period.",
    "The coupon :value discount will be applied to your subscription!": "The coupon :value discount will be applied to your subscription!",
    "The emergency token was invalid.": "The emergency token was invalid.",
    "The given password does not match our records.": "The given password does not match our records.",
    "The invitation has been sent!": "The invitation has been sent!",
    "This country does not match the origin country of your card.": "This country does not match the origin country of your card.",
    "This coupon code is invalid.": "This coupon code is invalid.",
    "This information will appear on all of your receipts, and is a great place to add your full business name, VAT number, or address of record. Do not include any confidential or financial information such as credit card numbers.": "This information will appear on all of your receipts, and is a great place to add your full business name, VAT number, or address of record. Do not include any confidential or financial information such as credit card numbers.",
    "This invitation code is invalid.": "This invitation code is invalid.",
    "This is the only time the token will ever be displayed, so be sure not to lose it!": "This is the only time the token will ever be displayed, so be sure not to lose it!",
    "This is the only time this token will be displayed, so be sure not to lose it!": "This is the only time this token will be displayed, so be sure not to lose it!",
    "This plan has been discontinued, but you may continue your subscription to this plan as long as you wish. If you cancel your subscription and later want to begin a new subscription, you will need to choose from one of the active plans listed below.": "This plan has been discontinued, but you may continue your subscription to this plan as long as you wish. If you cancel your subscription and later want to begin a new subscription, you will need to choose from one of the active plans listed below.",
    "This team has too many team members for the selected plan.": "This team has too many team members for the selected plan.",
    "This team is not eligible for this plan.": "This team is not eligible for this plan.",
    "This user has a discount of :discountAmount for a single invoice.": "This user has a discount of :discountAmount for a single invoice.",
    "This user has a discount of :discountAmount for all invoices during the next :months months.": "This user has a discount of :discountAmount for all invoices during the next :months months.",
    "This user has a discount of :discountAmount for all invoices during the next month.": "This user has a discount of :discountAmount for all invoices during the next month.",
    "This user has a discount of :discountAmount forever.": "This user has a discount of :discountAmount forever.",
    "Timor-Leste": "Timor-Leste",
    "Toggle Navigation": "Toggle Navigation",
    "Togo": "Togo",
    "Tokelau": "Tokelau",
    "Token Can": "Token Can",
    "Token Name": "Token Name",
    "Tonga": "Tonga",
    "Total Price Including Tax": "Total Price Including Tax",
    "Total Revenue": "Total Revenue",
    "Total Volume": "Total Volume",
    "Trial": "Trial",
    "Trialing": "Trialing",
    "Trinidad and Tobago": "Trinidad and Tobago",
    "Tunisia": "Tunisia",
    "Turkey": "Turkey",
    "Turkmenistan": "Turkmenistan",
    "Turks and Caicos Islands": "Turks and Caicos Islands",
    "Tuvalu": "Tuvalu",
    "Two-Factor Authentication": "Two-Factor Authentication",
    "Two-Factor Authentication Reset Code": "Two-Factor Authentication Reset Code",
    "Type": "Type",
    "Uganda": "Uganda",
    "Ukraine": "Ukraine",
    "United Arab Emirates": "United Arab Emirates",
    "United Kingdom": "United Kingdom",
    "United States": "United States",
    "United States Minor Outlying Islands": "United States Minor Outlying Islands",
    "Update": "Update",
    "Update Announcement": "Update Announcement",
    "Update Password": "Update Password",
    "Update Payment Method": "Update Payment Method",
    "Update Photo": "Update Photo",
    "Update Subscription": "Update Subscription",
    "Update VAT ID": "Update VAT ID",
    "Updating": "Updating",
    "Uruguay": "Uruguay",
    "Users": "Users",
    "Users Currently Trialing": "Users Currently Trialing",
    "Utah": "Utah",
    "Uzbekistan": "Uzbekistan",
    "Vanuatu": "Vanuatu",
    "VAT ID": "VAT ID",
    "Venezuela, Bolivarian Republic of": "Venezuela, Bolivarian Republic of",
    "Verify": "Verify",
    "Verify Your Email Address": "Verify Your Email Address",
    "Vermont": "Vermont",
    "Viet Nam": "Viet Nam",
    "View Invitations": "View Invitations",
    "Virgin Islands": "Virgin Islands",
    "Virgin Islands, British": "Virgin Islands, British",
    "Virgin Islands, U.S.": "Virgin Islands, U.S.",
    "Virginia": "Virginia",
    "Wallis and Futuna": "Wallis and Futuna",
    "Washington": "Washington",
    "We don't have anything to show you right now! But when we do, we'll be sure to let you know. Talk to you soon!": "We don't have anything to show you right now! But when we do, we'll be sure to let you know. Talk to you soon!",
    "We had trouble updating your card. It's possible your card provider is preventing us from charging the card. Please contact your card provider or customer support.": "We had trouble updating your card. It's possible your card provider is preventing us from charging the card. Please contact your card provider or customer support.",
    "We had trouble updating your payment method. It's possible your payment provider is preventing us from charging the payment method. Please contact your payment provider or customer support.": "We had trouble updating your payment method. It's possible your payment provider is preventing us from charging the payment method. Please contact your payment provider or customer support.",
    "We had trouble validating your card. It's possible your card provider is preventing us from charging the card. Please contact your card provider or customer support.": "We had trouble validating your card. It's possible your card provider is preventing us from charging the card. Please contact your card provider or customer support.",
    "We have received your message and will respond soon!": "We have received your message and will respond soon!",
    "We were not able to enable two-factor authentication for this phone number.": "We were not able to enable two-factor authentication for this phone number.",
    "We were unable to update your subscription. Please contact customer support.": "We were unable to update your subscription. Please contact customer support.",
    "West Virginia": "West Virginia",
    "Western Sahara": "Western Sahara",
    "Whoops!": "Whoops!",
    "Whoops! This coupon code is invalid.": "Whoops! This coupon code is invalid.",
    "Whoops! This invitation code is invalid.": "Whoops! This invitation code is invalid.",
    "Wisconsin": "Wisconsin",
    "Wyoming": "Wyoming",
    "Yearly": "Yearly",
    "yearly": "yearly",
    "Yearly Recurring Revenue": "Yearly Recurring Revenue",
    "Yemen": "Yemen",
    "Yes, Cancel": "Yes, Cancel",
    "Yes, Delete": "Yes, Delete",
    "Yes, I'm Sure": "Yes, I'm Sure",
    "Yes, Leave": "Yes, Leave",
    "Yes, Remove": "Yes, Remove",
    "You": "You",
    "You are currently subscribed to the :planName plan.": "You are currently subscribed to the :planName plan.",
    "You are currently within your free trial period. Your trial will expire on :date.": "You are currently within your free trial period. Your trial will expire on :date.",
    "You are not eligible for this plan.": "You are not eligible for this plan.",
    "You are receiving this email because we received a password reset request for your account.": "You are receiving this email because we received a password reset request for your account.",
    "You currently have :count invitation(s) remaining.": "You currently have :count invitation(s) remaining.",
    "You currently receive a discount of :discountAmount for a single invoice.": "You currently receive a discount of :discountAmount for a single invoice.",
    "You currently receive a discount of :discountAmount for all invoices during the next :months billing cycles.": "You currently receive a discount of :discountAmount for all invoices during the next :months billing cycles.",
    "You currently receive a discount of :discountAmount for all invoices during the next :months months.": "You currently receive a discount of :discountAmount for all invoices during the next :months months.",
    "You currently receive a discount of :discountAmount for all invoices during the next billing cycle.": "You currently receive a discount of :discountAmount for all invoices during the next billing cycle.",
    "You currently receive a discount of :discountAmount for all invoices during the next month.": "You currently receive a discount of :discountAmount for all invoices during the next month.",
    "You currently receive a discount of :discountAmount forever.": "You currently receive a discount of :discountAmount forever.",
    "You have cancelled your subscription to the :planName plan.": "You have cancelled your subscription to the :planName plan.",
    "You may revoke the token at any time from your API settings.": "You may revoke the token at any time from your API settings.",
    "Your application's dashboard.": "Your application's Dashboard",
    "Your billing information has been updated!": "Your billing information has been updated!",
    "Your card has been updated.": "Your card has been updated.",
    "Your contact information has been updated!": "Your contact information has been updated!",
    "Your current plan doesn't allow you to invite more members, please upgrade your subscription.": "Your current plan doesn't allow you to invite more members, please upgrade your subscription.",
    "Your Email Address": "Your Email Address",
    "Your password has been updated!": "Your password has been updated!",
    "Your payment method has been updated.": "Your payment method has been updated.",
    "Your session has expired. Please login again to continue.": "Your session has expired. Please login again to continue.",
    "Your Settings": "Your Settings",
    "Your trial period will expire on ": "Your trial period will expire on ",
    "Your VAT ID has been updated!": "Your VAT ID has been updated!",
    "yr": "yr",
    "Yukon": "Yukon",
    "Zambia": "Zambia",
    "Zimbabwe": "Zimbabwe",
    "ZIP / Postal Code": "ZIP / Postal Code",
    "Åland Islands": "Åland Islands"
}
