{
    ":days day trial": ":days day trial",
    "Add Payment Method": "Add Payment Method",
    "Add VAT Number": "Add VAT Number",
    "Additional billing information updated successfully.": "Additional billing information updated successfully.",
    "Address Line 2": "Address Line 2",
    "Address": "Address",
    "Afghanistan": "Afghanistan",
    "Albania": "Albania",
    "Algeria": "Algeria",
    "American Samoa": "American Samoa",
    "An unexpected error occurred and we have notified our support team. Please try again later.": "An unexpected error occurred and we have notified our support team. Please try again later.",
    "Andorra": "Andorra",
    "Angola": "Angola",
    "Anguilla": "Anguilla",
    "Antarctica": "Antarctica",
    "Antigua and Barbuda": "Antigua and Barbuda",
    "Apply Coupon": "Apply Coupon",
    "Apply": "Apply",
    "Are you sure you want to attempt to pay :amount?": "Are you sure you want to attempt to pay :amount?",
    "Are you sure you want to cancel your subscription?": "Are you sure you want to cancel your subscription?",
    "Are you sure you want to delete this payment method?": "Are you sure you want to delete this payment method?",
    "Are you sure you want to resume your subscription?": "Are you sure you want to resume your subscription?",
    "Are you sure you want to set this payment method as your default?": "Are you sure you want to set this payment method as your default?",
    "Are you sure you would like to switch billing plans?": "Are you sure you would like to switch billing plans?",
    "Argentina": "Argentina",
    "Armenia": "Armenia",
    "Aruba": "Aruba",
    "Australia": "Australia",
    "Austria": "Austria",
    "Azerbaijan": "Azerbaijan",
    "Bahamas": "Bahamas",
    "Bahrain": "Bahrain",
    "Bangladesh": "Bangladesh",
    "Barbados": "Barbados",
    "Belarus": "Belarus",
    "Belgium": "Belgium",
    "Belize": "Belize",
    "Benin": "Benin",
    "Bermuda": "Bermuda",
    "Bhutan": "Bhutan",
    "Billing Information": "Billing Information",
    "Billing Management": "Billing Management",
    "Bolivia, Plurinational State of": "Bolivia, Plurinational State of",
    "Bosnia and Herzegovina": "Bosnia and Herzegovina",
    "Botswana": "Botswana",
    "Bouvet Island": "Bouvet Island",
    "Brazil": "Brazil",
    "British Indian Ocean Territory": "British Indian Ocean Territory",
    "Brunei Darussalam": "Brunei Darussalam",
    "Bulgaria": "Bulgaria",
    "Burkina Faso": "Burkina Faso",
    "Burundi": "Burundi",
    "Cambodia": "Cambodia",
    "Cameroon": "Cameroon",
    "Canada": "Canada",
    "Cancel Subscription": "Cancel Subscription",
    "Cancel": "Cancel",
    "Cape Verde": "Cape Verde",
    "Card": "Card",
    "Cayman Islands": "Cayman Islands",
    "Central African Republic": "Central African Republic",
    "Chad": "Chad",
    "Change Subscription Plan": "Change Subscription Plan",
    "Checkout": "Checkout",
    "Chile": "Chile",
    "China": "China",
    "Christmas Island": "Christmas Island",
    "City": "City",
    "Cocos (Keeling) Islands": "Cocos (Keeling) Islands",
    "Colombia": "Colombia",
    "Comoros": "Comoros",
    "Confirm Billing Action": "Confirm Billing Action",
    "Confirm Payment": "Confirm Payment",
    "Confirm your :amount payment": "Confirm your :amount payment",
    "Confirm": "Confirm",
    "Congo": "Congo",
    "Congo, the Democratic Republic of the": "Congo, the Democratic Republic of the",
    "Continue To Payment": "Continue To Payment",
    "Cook Islands": "Cook Islands",
    "Costa Rica": "Costa Rica",
    "Country": "Country",
    "Coupon applied successfully.": "Coupon applied successfully.",
    "Coupon": "Coupon",
    "Croatia": "Croatia",
    "Cuba": "Cuba",
    "Current Subscription Plan": "Current Subscription Plan",
    "Currently Subscribed": "Currently Subscribed",
    "Customer Balance": "Customer Balance",
    "Cyprus": "Cyprus",
    "Czech Republic": "Czech Republic",
    "Côte d'Ivoire": "Côte d'Ivoire",
    "Default": "Default",
    "Denmark": "Denmark",
    "Djibouti": "Djibouti",
    "Dominica": "Dominica",
    "Dominican Republic": "Dominican Republic",
    "Download Receipt": "Download Receipt",
    "Ecuador": "Ecuador",
    "Egypt": "Egypt",
    "El Salvador": "El Salvador",
    "Email Addresses": "Email Addresses",
    "Equatorial Guinea": "Equatorial Guinea",
    "Eritrea": "Eritrea",
    "Estonia": "Estonia",
    "Ethiopia": "Ethiopia",
    "ex VAT": "ex VAT",
    "Expires :expiration": "Expires :expiration",
    "Extra Billing Information": "Extra Billing Information",
    "Extra confirmation is needed to process your payment. Please continue to the payment page by clicking on the button below.": "Extra confirmation is needed to process your payment. Please continue to the payment page by clicking on the button below.",
    "Falkland Islands (Malvinas)": "Falkland Islands (Malvinas)",
    "Faroe Islands": "Faroe Islands",
    "Fiji": "Fiji",
    "Finland": "Finland",
    "France": "France",
    "French Guiana": "French Guiana",
    "French Polynesia": "French Polynesia",
    "French Southern Territories": "French Southern Territories",
    "Gabon": "Gabon",
    "Gambia": "Gambia",
    "Georgia": "Georgia",
    "Germany": "Germany",
    "Ghana": "Ghana",
    "Gibraltar": "Gibraltar",
    "Greece": "Greece",
    "Greenland": "Greenland",
    "Grenada": "Grenada",
    "Guadeloupe": "Guadeloupe",
    "Guam": "Guam",
    "Guatemala": "Guatemala",
    "Guernsey": "Guernsey",
    "Guinea": "Guinea",
    "Guinea-Bissau": "Guinea-Bissau",
    "Guyana": "Guyana",
    "Haiti": "Haiti",
    "Having second thoughts about cancelling your subscription? You can instantly reactive your subscription at any time until the end of your current billing cycle. After your current billing cycle ends, you may choose an entirely new subscription plan.": "Having second thoughts about cancelling your subscription? You can instantly reactive your subscription at any time until the end of your current billing cycle. After your current billing cycle ends, you may choose an entirely new subscription plan.",
    "Heard Island and McDonald Islands": "Heard Island and McDonald Islands",
    "Holy See (Vatican City State)": "Holy See (Vatican City State)",
    "Honduras": "Honduras",
    "Hong Kong": "Hong Kong",
    "Hungary": "Hungary",
    "Iceland": "Iceland",
    "If you need to add specific contact or tax information to your receipts, like your full business name, VAT identification number, or address of record, you may add it here.": "If you need to add specific contact or tax information to your receipts, like your full business name, VAT identification number, or address of record, you may add it here.",
    "India": "India",
    "Indonesia": "Indonesia",
    "Iran, Islamic Republic of": "Iran, Islamic Republic of",
    "Iraq": "Iraq",
    "Ireland": "Ireland",
    "Isle of Man": "Isle of Man",
    "Israel": "Israel",
    "It looks like you do not have an active subscription. You may choose one of the subscription plans below to get started. Subscription plans may be changed or cancelled at your convenience.": "It looks like you do not have an active subscription. You may choose one of the subscription plans below to get started. Subscription plans may be changed or cancelled at your convenience.",
    "Italy": "Italy",
    "Jamaica": "Jamaica",
    "Japan": "Japan",
    "Jersey": "Jersey",
    "Jordan": "Jordan",
    "Kazakhstan": "Kazakhstan",
    "Kenya": "Kenya",
    "Kiribati": "Kiribati",
    "Korea, Democratic People's Republic of": "Korea, Democratic People's Republic of",
    "Korea, Republic of": "Korea, Republic of",
    "Kuwait": "Kuwait",
    "Kyrgyzstan": "Kyrgyzstan",
    "Lao People's Democratic Republic": "Lao People's Democratic Republic",
    "Latvia": "Latvia",
    "Lebanon": "Lebanon",
    "Lesotho": "Lesotho",
    "Liberia": "Liberia",
    "Libyan Arab Jamahiriya": "Libyan Arab Jamahiriya",
    "Liechtenstein": "Liechtenstein",
    "Lithuania": "Lithuania",
    "Loading": "Loading",
    "Luxembourg": "Luxembourg",
    "Macao": "Macao",
    "Macedonia, the former Yugoslav Republic of": "Macedonia, the former Yugoslav Republic of",
    "Madagascar": "Madagascar",
    "Malawi": "Malawi",
    "Malaysia": "Malaysia",
    "Maldives": "Maldives",
    "Mali": "Mali",
    "Malta": "Malta",
    "Managing billing for :billableName": "Managing billing for :billableName",
    "Marshall Islands": "Marshall Islands",
    "Martinique": "Martinique",
    "Mauritania": "Mauritania",
    "Mauritius": "Mauritius",
    "Mayotte": "Mayotte",
    "Mexico": "Mexico",
    "Micronesia, Federated States of": "Micronesia, Federated States of",
    "Moldova, Republic of": "Moldova, Republic of",
    "Monaco": "Monaco",
    "Mongolia": "Mongolia",
    "Montenegro": "Montenegro",
    "Monthly": "Monthly",
    "monthly": "monthly",
    "Montserrat": "Montserrat",
    "Morocco": "Morocco",
    "Mozambique": "Mozambique",
    "Myanmar": "Myanmar",
    "Namibia": "Namibia",
    "Nauru": "Nauru",
    "Nepal": "Nepal",
    "Netherlands Antilles": "Netherlands Antilles",
    "Netherlands": "Netherlands",
    "Nevermind": "Nevermind",
    "Nevermind, I'll keep my old plan": "Nevermind, I'll keep my old plan",
    "New Caledonia": "New Caledonia",
    "New Zealand": "New Zealand",
    "Next Payment on": "Next Payment on",
    "Next Payment": "Next Payment",
    "Nicaragua": "Nicaragua",
    "Niger": "Niger",
    "Nigeria": "Nigeria",
    "Niue": "Niue",
    "No payment methods on file.": "No payment methods on file.",
    "No payment scheduled.": "No payment scheduled.",
    "Norfolk Island": "Norfolk Island",
    "Northern Mariana Islands": "Northern Mariana Islands",
    "Norway": "Norway",
    "Oman": "Oman",
    "Open Invoices": "Open Invoices",
    "Our billing management portal allows you to conveniently manage your subscription plan, payment methods, and download your recent invoices.": "Our billing management portal allows you to conveniently manage your subscription plan, payment methods, and download your recent invoices.",
    "Paid": "Paid",
    "Pakistan": "Pakistan",
    "Palau": "Palau",
    "Palestinian Territory, Occupied": "Palestinian Territory, Occupied",
    "Panama": "Panama",
    "Papua New Guinea": "Papua New Guinea",
    "Paraguay": "Paraguay",
    "Payment information updated successfully.": "Payment information updated successfully.",
    "Payment Information": "Payment Information",
    "Payment Methods": "Payment Methods",
    "Payments": "Payments",
    "Peru": "Peru",
    "Philippines": "Philippines",
    "Pitcairn": "Pitcairn",
    "Please accept the terms of service.": "Please accept the terms of service.",
    "Please provide a maximum of three receipt emails addresses.": "Please provide a maximum of three receipt emails addresses.",
    "Please set a default payment method before swapping plans.": "Please set a default payment method before swapping plans.",
    "Poland": "Poland",
    "Portugal": "Portugal",
    "Puerto Rico": "Puerto Rico",
    "Qatar": "Qatar",
    "Receipt Email Addresses": "Receipt Email Addresses",
    "Receipt emails updated successfully.": "Receipt emails updated successfully.",
    "Receipts": "Receipts",
    "Required fields": "Required fields",
    "Resume Subscription": "Resume Subscription",
    "Retry Payment": "Retry Payment",
    "Return to :appName": "Return to :appName",
    "Romania": "Romania",
    "Russian Federation": "Russian Federation",
    "Rwanda": "Rwanda",
    "Réunion": "Réunion",
    "Saint Barthélemy": "Saint Barthélemy",
    "Saint Helena": "Saint Helena",
    "Saint Kitts and Nevis": "Saint Kitts and Nevis",
    "Saint Lucia": "Saint Lucia",
    "Saint Martin (French part)": "Saint Martin (French part)",
    "Saint Pierre and Miquelon": "Saint Pierre and Miquelon",
    "Saint Vincent and the Grenadines": "Saint Vincent and the Grenadines",
    "Samoa": "Samoa",
    "San Marino": "San Marino",
    "Sao Tome and Principe": "Sao Tome and Principe",
    "Saudi Arabia": "Saudi Arabia",
    "Save": "Save",
    "Select a different plan": "Select a different plan",
    "Select": "Select",
    "Senegal": "Senegal",
    "Serbia": "Serbia",
    "Set as default": "Set as default",
    "Seychelles": "Seychelles",
    "Sierra Leone": "Sierra Leone",
    "Signed in as": "Signed in as",
    "Singapore": "Singapore",
    "Slovakia": "Slovakia",
    "Slovenia": "Slovenia",
    "Solomon Islands": "Solomon Islands",
    "Somalia": "Somalia",
    "South Africa": "South Africa",
    "South Georgia and the South Sandwich Islands": "South Georgia and the South Sandwich Islands",
    "Spain": "Spain",
    "Sri Lanka": "Sri Lanka",
    "State / County": "State / County",
    "Subscribe": "Subscribe",
    "Subscription Information": "Subscription Information",
    "Subscription Pending": "Subscription Pending",
    "Sudan": "Sudan",
    "Suriname": "Suriname",
    "Svalbard and Jan Mayen": "Svalbard and Jan Mayen",
    "Swaziland": "Swaziland",
    "Sweden": "Sweden",
    "Switzerland": "Switzerland",
    "Syrian Arab Republic": "Syrian Arab Republic",
    "Taiwan, Province of China": "Taiwan, Province of China",
    "Tajikistan": "Tajikistan",
    "Tanzania, United Republic of": "Tanzania, United Republic of",
    "TAX": "TAX",
    "Terms of Service": "Terms of Service",
    "Thailand": "Thailand",
    "Thanks for your continued support. We've attached a copy of your invoice for your records. Please let us know if you have any questions or concerns.": "Thanks for your continued support. We've attached a copy of your invoice for your records. Please let us know if you have any questions or concerns.",
    "Thanks,": "Thanks,",
    "The default payment method cannot be removed.": "The default payment method cannot be removed.",
    "The provided coupon code is invalid.": "The provided coupon code is invalid.",
    "The provided VAT number is invalid.": "The provided VAT number is invalid.",
    "The receipt emails must be valid email addresses.": "The receipt emails must be valid email addresses.",
    "The selected country is invalid.": "The selected country is invalid.",
    "The selected plan is invalid.": "The selected plan is invalid.",
    "This account does not have an active subscription.": "This account does not have an active subscription.",
    "This coupon code can only be used by new customers.": "This coupon code can only be used by new customers.",
    "This invoice is no longer open.": "This invoice is no longer open.",
    "This subscription has expired and cannot be resumed. Please create a new subscription.": "This subscription has expired and cannot be resumed. Please create a new subscription.",
    "Timor-Leste": "Timor-Leste",
    "Togo": "Togo",
    "Tokelau": "Tokelau",
    "Tonga": "Tonga",
    "Total:": "Total:",
    "Trinidad and Tobago": "Trinidad and Tobago",
    "Tunisia": "Tunisia",
    "Turkey": "Turkey",
    "Turkmenistan": "Turkmenistan",
    "Turks and Caicos Islands": "Turks and Caicos Islands",
    "Tuvalu": "Tuvalu",
    "Uganda": "Uganda",
    "Ukraine": "Ukraine",
    "United Arab Emirates": "United Arab Emirates",
    "United Kingdom": "United Kingdom",
    "United States Minor Outlying Islands": "United States Minor Outlying Islands",
    "United States": "United States",
    "Unpaid": "Unpaid",
    "Update Payment Information": "Update Payment Information",
    "Update": "Update",
    "Uruguay": "Uruguay",
    "Uzbekistan": "Uzbekistan",
    "Vanuatu": "Vanuatu",
    "VAT Number": "VAT Number",
    "Venezuela, Bolivarian Republic of": "Venezuela, Bolivarian Republic of",
    "Viet Nam": "Viet Nam",
    "Virgin Islands, British": "Virgin Islands, British",
    "Virgin Islands, U.S.": "Virgin Islands, U.S.",
    "Wallis and Futuna": "Wallis and Futuna",
    "We are processing your subscription. Once the subscription has successfully processed, this page will update automatically. Typically, this process should only take a few seconds.": "We are processing your subscription. Once the subscription has successfully processed, this page will update automatically. Typically, this process should only take a few seconds.",
    "We are unable to process your payment. Please contact customer support.": "We are unable to process your payment. Please contact customer support.",
    "We will send a receipt download link to the email addresses that you specify below. You may separate multiple email addresses using commas.": "We will send a receipt download link to the email addresses that you specify below. You may separate multiple email addresses using commas.",
    "Western Sahara": "Western Sahara",
    "Whoops! Something went wrong.": "Whoops! Something went wrong.",
    "Yearly": "Yearly",
    "Yemen": "Yemen",
    "You are currently within your free trial period. Your trial will expire on :date.": "You are currently within your free trial period. Your trial will expire on :date.",
    "You have some unpaid invoices. After updating your default payment method, you may retry the payments via the invoice list below.": "You have some unpaid invoices. After updating your default payment method, you may retry the payments via the invoice list below.",
    "You may cancel your subscription at any time. Once your subscription has been cancelled, you will have the option to resume the subscription until the end of your current billing cycle.": "You may cancel your subscription at any time. Once your subscription has been cancelled, you will have the option to resume the subscription until the end of your current billing cycle.",
    "You will receive an invoice and payment link via email for each billing period.": "You will receive an invoice and payment link via email for each billing period.",
    "Your :invoiceName invoice is now available!": "Your :invoiceName invoice is now available!",
    "Your billing address is :address :address2 :postal_code :city :state :country": "Your billing address is :address :address2 :postal_code :city :state :country",
    "Your card was declined. Please contact your card issuer for more information.": "Your card was declined. Please contact your card issuer for more information.",
    "Your current payment method is a credit card ending in :lastFour that expires on :expiration.": "Your current payment method is a credit card ending in :lastFour that expires on :expiration.",
    "Your next payment of :amount will be processed on :date.": "Your next payment of :amount will be on :date.",
    "Your payment method has been added successfully.": "Your payment method has been added successfully.",
    "Your payment method will be charged automatically for each billing period.": "Your payment method will be charged automatically for each billing period.",
    "Your registered VAT Number is :vatNumber.": "Your registered VAT Number is :vatNumber.",
    "Your subscription has been started successfully.": "Your subscription has been started successfully.",
    "Your subscription has been successfully cancelled.": "Your subscription has been successfully cancelled.",
    "Your subscription was successfully resumed.": "Your subscription was successfully resumed.",
    "Your subscription was successfully updated.": "Your subscription was successfully updated.",
    "Zambia": "Zambia",
    "Zimbabwe": "Zimbabwe",
    "Zip / Postal Code": "Zip / Postal Code",
    "Åland Islands": "Åland Islands"
}
